"id","link"
1,"https://www.nytimes.com/2006/07/10/opinion/10iht-edyoung.2165719.html"
2,"https://www.nytimes.com/2002/04/02/science/a-dim-view-of-a-posthuman-future.html"
3,"https://www.nytimes.com/1988/10/23/nyregion/art-works-by-boccioni-on-view-at-yale.html"
4,"https://www.nytimes.com/2005/10/29/science/richard-e-smalley-62-dies-chemistry-nobel-winner.html"
5,"https://www.nytimes.com/2006/07/04/science/04books.html"
6,"https://www.nytimes.com/2018/04/26/movies/review-house-of-tomorrow.html"
7,"https://www.nytimes.com/2018/02/10/fashion/weddings/a-commitment-for-more-than-one-lifetime.html"
8,"https://www.nytimes.com/2019/10/15/technology/robot-hand-rubiks-cube.html"
9,"https://www.nytimes.com/2001/01/29/business/worldbusiness/IHT-nanotechnology-firms-start-small-in-building-big.html"
10,"https://www.nytimes.com/2007/02/07/opinion/07iht-ednano.4504585.html"
11,"https://www.nytimes.com/2008/06/24/business/worldbusiness/24iht-greencol25.3.13947727.html"
12,"https://www.nytimes.com/2005/08/04/movies/pentagons-new-goal-put-science-into-scripts.html"
13,"https://www.nytimes.com/2003/02/03/business/technology-from-nanotechnology-s-sidelines-one-more-warning.html"
14,"https://www.nytimes.com/2018/10/22/arts/design/christies-art-artificial-intelligence-obvious.html"
15,"https://www.nytimes.com/2020/02/26/business/robots-retail-jobs.html"
16,"https://www.nytimes.com/1986/08/14/business/technology-the-computer-as-deal-maker.html"
17,"https://www.nytimes.com/2015/09/20/magazine/barbie-wants-to-get-to-know-your-child.html"
18,"https://www.nytimes.com/2012/01/29/magazine/what-happens-when-data-disappears.html"
19,"https://www.nytimes.com/2017/03/23/movies/the-live-action-birth-of-ghost-in-the-shell.html"
20,"https://www.nytimes.com/1992/05/26/us/gene-altered-food-held-by-the-fda-to-pose-little-risk.html"
21,"https://www.nytimes.com/2018/06/20/technology/deep-learning-artificial-intelligence.html"
22,"https://www.nytimes.com/1975/03/31/archives/books-of-the-times-the-center-does-not-hold.html"
23,"https://www.nytimes.com/2017/06/28/business/economy/ecb-automation-robotics-economy-jobs.html"
24,"https://www.nytimes.com/2017/01/22/arts/music/jukedeck-artificial-intelligence-songwriting.html"
25,"https://www.nytimes.com/2018/11/05/opinion/artificial-intelligence-machine-learning.html"
26,"https://www.nytimes.com/2006/07/17/technology/17iht-brain.2225159.html"
27,"https://www.nytimes.com/2005/11/05/arts/researchers-look-to-create-a-synthesis-of-art-and-science-for-the-21st.html"
28,"https://www.nytimes.com/2016/02/29/technology/the-promise-of-artificial-intelligence-unfolds-in-small-steps.html"
29,"https://www.nytimes.com/2003/07/01/science/observatory.html"
30,"https://www.nytimes.com/2018/08/26/technology/pentagon-artificial-intelligence.html"
31,"https://www.nytimes.com/2004/11/01/technology/doctors-use-nanotechnology-to-improve-health-care.html"
32,"https://www.nytimes.com/2011/01/02/theater/02scifi.html"
33,"https://www.nytimes.com/2016/05/26/technology/artificial-intelligence-is-far-from-matching-humans-panel-says.html"
34,"https://www.nytimes.com/2018/11/15/opinion/killer-robots-ai-humans.html"
35,"https://www.nytimes.com/2020/02/13/science/farm-agriculture-robots.html"
36,"https://www.nytimes.com/2017/12/11/style/robots-jobs-children.html"
37,"https://www.nytimes.com/2016/07/18/technology/on-wheels-and-wings-artificial-intelligence-swarms-silicon-valley.html"
38,"https://www.nytimes.com/2019/11/11/technology/artificial-intelligence-bias.html"
39,"https://www.nytimes.com/2017/10/22/technology/artificial-intelligence-experts-salaries.html"
40,"https://www.nytimes.com/2003/11/11/science/can-robots-become-conscious.html"
41,"https://www.nytimes.com/2006/03/12/weekinreview/the-future-now-available-in-stores.html"
42,"https://www.nytimes.com/2015/06/12/technology/robotica-sex-robot-realdoll.html"
43,"https://www.nytimes.com/2007/11/07/business/businessspecial3/07nano.html"
44,"https://www.nytimes.com/2017/06/16/technology/facebook-the-limits-of-ai.html"
45,"https://www.nytimes.com/2003/07/07/business/nanotechnology-group-to-address-safety-concerns.html"
46,"https://www.nytimes.com/2019/07/11/science/poker-robot-ai-artificial-intelligence.html"
47,"https://www.nytimes.com/1988/06/12/weekinreview/the-nation-a-designer-fish-raises-fears-for-nature-as-we-know-it.html"
48,"https://www.nytimes.com/2006/05/17/business/businessspecial2/technologys-future-a-look-at-the-dark-side.html"
49,"https://www.nytimes.com/2018/11/02/education/learning/colleges-grapple-with-teaching-ai.html"
50,"https://www.nytimes.com/2017/03/22/business/baidu-artificial-intelligence-andrew-ng.html"
51,"https://www.nytimes.com/2000/05/14/weekinreview/ideas-trends-a-case-of-letting-the-gene-out-of-the-bottle.html"
52,"https://www.nytimes.com/2016/05/20/technology/silicon-valleys-artificial-intelligence-marathon-is-on.html"
53,"https://www.nytimes.com/2007/10/09/world/europe/09iht-nobel.1.7812833.html"
54,"https://www.nytimes.com/2000/10/23/business/worldbusiness/IHT-alt-commentary-technologys-littleheeded-prophet.html"
55,"https://www.nytimes.com/2018/12/14/arts/china-art-censorship.html"
56,"https://www.nytimes.com/2006/09/23/business/23online.html"
57,"https://www.nytimes.com/2018/11/06/business/dealbook/the-commonality-of-ai-and-diversity.html"
58,"https://www.nytimes.com/2000/03/19/weekinreview/the-world-small-wonders-dr-frankenstein-please-call-your-office.html"
59,"https://www.nytimes.com/2005/06/07/science/a-better-robot-with-help-from-roaches.html"
60,"https://www.nytimes.com/2003/11/03/business/as-uses-grow-tiny-materials-safety-is-hard-to-pin-down.html"
61,"https://www.nytimes.com/2017/04/10/technology/tech-roundup-canada-spends-to-keep-ai-experts-home.html"
62,"https://www.nytimes.com/2016/07/25/opinion/futurism-is-now.html"
63,"https://www.nytimes.com/2004/06/07/business/technology-nanotech-memory-chips-might-soon-be-a-reality.html"
64,"https://www.nytimes.com/2006/09/26/technology/26nano.html"
65,"https://www.nytimes.com/2000/06/29/technology/the-search-engine-as-cyborg.html"
66,"https://www.nytimes.com/2006/06/12/books/the-futurist-the-hero-goes-around-spouting-drivel-it-pays-the-bills.html"
67,"https://www.nytimes.com/2002/08/19/business/new-economy-nanotechnology-has-arrived-a-serious-opposition-is-forming.html"
68,"https://www.nytimes.com/2018/12/13/opinion/robots-trump-country-jobs.html"
69,"https://www.nytimes.com/1990/06/22/movies/review-film-new-challenge-and-enemy-for-a-cybernetic-organism.html"
70,"https://www.nytimes.com/2020/01/06/health/artificial-intelligence-brain-cancer.html"
71,"https://www.nytimes.com/2015/08/17/opinion/robot-weapons-whats-the-harm.html"
72,"https://www.nytimes.com/2003/06/15/magazine/the-way-we-live-now-6-15-03-my-son-the-cyborg.html"
73,"https://www.nytimes.com/2019/08/12/opinion/ubi-automation-ai.html"
74,"https://www.nytimes.com/1995/06/04/books/reengineering-nature.html"
75,"https://www.nytimes.com/2014/03/09/books/review/michio-kakus-future-of-the-mind.html"
76,"https://www.nytimes.com/2017/07/29/opinion/sunday/artificial-intelligence-is-stuck-heres-how-to-move-it-forward.html"
77,"https://www.nytimes.com/2015/09/29/arts/dance/review-etle-and-the-anders-is-a-sarah-ao-rosner-take-on-feminism.html"
78,"https://www.nytimes.com/2018/07/16/opinion/sunday/high-tech-warfare.html"
79,"https://www.nytimes.com/2002/08/04/books/on-writers-and-writing-who-s-a-robot-now.html"
80,"https://www.nytimes.com/2019/09/24/opinion/heart-failure-lvad.html"
81,"https://www.nytimes.com/2019/09/06/opinion/ai-explainability.html"
82,"https://www.nytimes.com/2017/11/05/technology/machine-learning-artificial-intelligence-ai.html"
83,"https://www.nytimes.com/2017/03/19/technology/lawyers-artificial-intelligence.html"
84,"https://www.nytimes.com/2018/01/30/business/economy/populist-politics-globalization.html"
85,"https://www.nytimes.com/2005/10/14/technology/behind-artificial-intelligence-a-squadron-of-bright-real-people.html"
86,"https://www.nytimes.com/2009/07/13/technology/13robot.html"
87,"https://www.nytimes.com/2015/05/22/science/robots-that-can-match-human-dexterity.html"
88,"https://www.nytimes.com/2017/02/10/technology/ford-invests-billion-artificial-intelligence.html"
89,"https://www.nytimes.com/2019/03/02/opinion/sunday/diet-artificial-intelligence-diabetes.html"
90,"https://www.nytimes.com/2002/07/23/opinion/interview-with-a-humanoid.html"
91,"https://www.nytimes.com/2003/12/09/science/yes-they-can-no-they-can-t-charges-fly-in-nanobot-debate.html"
92,"https://www.nytimes.com/2016/11/20/opinion/sunday/westworld-and-the-moral-dilemma-of-cyborgs.html"
93,"https://www.nytimes.com/1964/06/21/archives/treasure-chest.html"
94,"https://www.nytimes.com/2007/07/20/business/worldbusiness/20iht-wbspot21.4.6755236.html"
95,"https://www.nytimes.com/2001/01/29/business/worldbusiness/IHT-just-how-tiny-are-we-talking.html"
96,"https://www.nytimes.com/2015/01/01/technology/personaltech/standouts-in-tech-drones-virtual-reality-instant-translation-and-ai.html"
97,"https://www.nytimes.com/2002/10/07/business/new-economy-intriguing-possibilities-sensors-ramp-for-electronics-biotechnology.html"
98,"https://www.nytimes.com/2016/12/30/magazine/the-12-18-16-issue.html"
99,"https://www.nytimes.com/2018/06/01/technology/google-pentagon-project-maven.html"
100,"https://www.nytimes.com/2004/07/25/style/noticed-seeing-double-to-the-perfect-you.html"
101,"https://www.nytimes.com/2019/09/13/opinion/sports-doping.html"
102,"https://www.nytimes.com/2002/06/13/style/IHT-qa-francis-fukuyama-the-politics-of-biotechnology.html"
103,"https://www.nytimes.com/2017/01/12/technology/robots-will-take-jobs-but-not-as-fast-as-some-fear-new-report-says.html"
104,"https://www.nytimes.com/2008/06/24/business/worldbusiness/24iht-greencol25.1.13941023.html"
105,"https://www.nytimes.com/2016/11/30/opinion/the-dawn-of-the-tryborg.html"
106,"https://www.nytimes.com/2002/03/21/technology/l-unplug-the-cyborg-173797.html"
107,"https://www.nytimes.com/2000/03/13/business/technology-technologists-get-a-warning-and-a-plea-from-one-of-their-own.html"
108,"https://www.nytimes.com/2019/07/31/science/bikes-robot-autonomous.html"
109,"https://www.nytimes.com/2018/11/15/magazine/autonomous-robots-weapons.html"
110,"https://www.nytimes.com/2002/05/05/books/machine-dreams.html"
111,"https://www.nytimes.com/2018/05/04/technology/facebook-artificial-intelligence-researchers.html"
112,"https://www.nytimes.com/2018/04/19/technology/artificial-intelligence-salaries-openai.html"
113,"https://www.nytimes.com/2001/11/27/us/a-breakthrough-on-cloning-perhaps-or-perhaps-not-yet.html"
114,"https://www.nytimes.com/1997/10/25/news/futurism-returns-but-its-bad-image-lingers.html"
115,"https://www.nytimes.com/2016/07/08/technology/where-are-the-futurists.html"
116,"https://www.nytimes.com/2016/07/25/opinion/futurism-is-now.html"
117,"https://www.nytimes.com/1999/08/05/opinion/l-can-we-trust-altered-foods-921114.html"
118,"https://www.nytimes.com/2018/01/04/opinion/leave-artificial-intelligence.html"
119,"https://www.nytimes.com/2018/11/25/business/china-artificial-intelligence-labeling.html"
120,"https://www.nytimes.com/2016/09/11/jobs/a-robot-may-be-training-to-do-your-job-dont-panic.html"
121,"https://www.nytimes.com/2004/04/17/business/making-nanotechnology-more-than-a-nanoissue.html"
122,"https://www.nytimes.com/2019/10/08/opinion/artificial-intelligence.html"
123,"https://www.nytimes.com/2014/09/02/science/robot-touch.html"
124,"https://www.nytimes.com/2018/10/18/business/6-emerging-global-players-in-ai.html"
125,"https://www.nytimes.com/2018/02/20/technology/artificial-intelligence-risks.html"
126,"https://www.nytimes.com/2020/02/07/opinion/sunday/western-society-decadence.html"
127,"https://www.nytimes.com/1998/10/29/technology/let-no-bad-chip-tear-asunder.html"
128,"https://www.nytimes.com/1985/09/17/science/personal-computers-artificial-intelligence-new-software-arrives.html"
129,"https://www.nytimes.com/2019/05/02/books/review/talk-to-me-james-vlahos-creativity-code-marcus-du-sautoy-deep-medicine-eric-topol.html"
130,"https://www.nytimes.com/2007/01/15/technology/15iht-nano.4211758.html"
131,"https://www.nytimes.com/1993/09/04/movies/review-film-a-futuristic-prison-that-demands-escape.html"
132,"https://www.nytimes.com/2019/02/11/business/ai-artificial-intelligence-trump.html"
133,"https://www.nytimes.com/2016/03/26/technology/the-race-is-on-to-control-artificial-intelligence-and-techs-future.html"
134,"https://www.nytimes.com/2019/04/03/technology/artificial-intelligence-privacy-oecd.html"
135,"https://www.nytimes.com/2006/07/18/technology/brainy-robots-start-stepping-into-daily-life.html"
136,"https://www.nytimes.com/1983/11/30/theater/drama-victory-1913-futurist-work.html"
137,"https://www.nytimes.com/1995/06/11/magazine/present-shock.html"
138,"https://www.nytimes.com/2004/04/06/science/essay-the-altered-human-is-already-here.html"
139,"https://www.nytimes.com/2018/01/01/opinion/ai-and-big-data-could-power-a-new-war-on-poverty.html"
140,"https://www.nytimes.com/2018/01/25/opinion/artificial-intelligence-black-box.html"
141,"https://www.nytimes.com/2018/05/18/opinion/artificial-intelligence-challenges.html"
142,"https://www.nytimes.com/2019/02/05/technology/artificial-intelligence-drug-research-deepmind.html"
143,"https://www.nytimes.com/2011/07/12/science/12robot.html"
144,"https://www.nytimes.com/2017/05/25/business/google-alphago-defeats-go-ke-jie-again.html"
145,"https://www.nytimes.com/2002/03/14/technology/at-airport-gate-a-cyborg-unplugged.html"
146,"https://www.nytimes.com/2006/10/03/style/03iht-Rparis4.3017445.html"
147,"https://www.nytimes.com/2011/01/09/magazine/09Immortality-t.html"
148,"https://www.nytimes.com/2018/03/15/technology/military-artificial-intelligence.html"
149,"https://www.nytimes.com/2019/06/23/technology/artificial-intelligence-ai-workplace.html"
150,"https://www.nytimes.com/2006/10/10/technology/engineering-food-at-level-of-molecules.html"
151,"https://www.nytimes.com/2006/09/26/technology/26iht-nano.2938172.html"
152,"https://www.nytimes.com/2002/07/14/weekinreview/ideas-trends-just-chillin-putting-mortality-on-ice.html"
153,"https://www.nytimes.com/2015/11/15/technology/farhad-and-mikes-week-in-tech-robots-vs-jobs.html"
154,"https://www.nytimes.com/2016/10/24/technology/artificial-intelligence-evolves-with-its-criminal-potential.html"
155,"https://www.nytimes.com/2019/05/22/technology/personaltech/ai-google-duplex.html"
156,"https://www.nytimes.com/2019/06/18/opinion/david-chalmers-virtual-reality.html"
157,"https://www.nytimes.com/2019/05/20/health/cancer-artificial-intelligence-ct-scans.html"
158,"https://www.nytimes.com/2005/02/22/business/heading-south-looking-for-an-edge.html"
159,"https://www.nytimes.com/2016/09/03/technology/daily-report-setting-the-ethical-rules-of-ai.html"
160,"https://www.nytimes.com/2015/06/18/technology/robotica-sony-aibo-robotic-dog-mortality.html"
161,"https://www.nytimes.com/2001/05/11/sports/pushing-limits-special-report-someday-soon-athletic-edge-may-be-altered-genes.html"
162,"https://www.nytimes.com/2016/09/19/technology/artificial-intelligence-software-is-booming-but-why-now.html"
163,"https://www.nytimes.com/2004/10/24/weekinreview/tiny-ideas-coming-of-age.html"
164,"https://www.nytimes.com/2015/07/28/technology/elon-musk-and-stephen-hawking-among-hundreds-to-urge-ban-on-military-robots.html"
165,"https://www.nytimes.com/2006/07/18/technology/18iht-brain.2229853.html"
166,"https://www.nytimes.com/2019/10/07/opinion/ai-research-funding.html"
167,"https://www.nytimes.com/2019/03/03/business/new-work-summit-questions.html"
168,"https://www.nytimes.com/2019/09/20/arts/design/imagenet-trevor-paglen-ai-facial-recognition.html"
169,"https://www.nytimes.com/2018/02/19/technology/ai-researchers-desks-boss.html"
170,"https://www.nytimes.com/2003/04/08/business/technology-frontier-of-military-technology-is-the-size-of-a-molecule.html"
171,"https://www.nytimes.com/2019/09/26/technology/ai-computer-expense.html"
172,"https://www.nytimes.com/2018/10/25/arts/design/ai-art-sold-christies.html"
173,"https://www.nytimes.com/1984/03/25/jobs/human-computer-is-coming-of-age.html"
174,"https://www.nytimes.com/2004/03/29/business/study-raises-concerns-about-carbon-particles.html"
175,"https://www.nytimes.com/2009/09/27/nyregion/27spotwe.html"
176,"https://www.nytimes.com/2018/10/21/business/from-agriculture-to-art-the-ai-wave-sweeps-in.html"
177,"https://www.nytimes.com/2018/12/31/technology/human-resources-artificial-intelligence-humu.html"
178,"https://www.nytimes.com/2020/01/01/health/breast-cancer-mammogram-artificial-intelligence.html"
179,"https://www.nytimes.com/1996/05/05/magazine/sunday-may-5-1996-bug-eyed-the-bionic-cockroach.html"
180,"https://www.nytimes.com/2019/03/26/technology/alphapilot-ai-drone-racing.html"
181,"https://www.nytimes.com/2007/06/21/technology/21iht-nano.4.6268915.html"
182,"https://www.nytimes.com/2017/07/20/business/china-artificial-intelligence.html"
183,"https://www.nytimes.com/2002/03/03/travel/travel-advisory-celebrating-the-joy-of-opposable-thumbs.html"
184,"https://www.nytimes.com/2000/08/30/technology/aping-biology-computer-guides-automated-evolution-of-a-robot.html"
185,"https://www.nytimes.com/2013/05/22/science/heinrich-rohrer-physicist-who-won-nobel-dies-at-79.html"
186,"https://www.nytimes.com/2006/03/21/science/for-robots-fuel-cells-that-double-as-muscles.html"
187,"https://www.nytimes.com/2005/02/03/technology/circuits/explaining-nanotechnology.html"
188,"https://www.nytimes.com/2015/06/04/technology/computer-scientists-are-astir-after-baidu-team-is-barred-from-ai-competition.html"
189,"https://www.nytimes.com/2018/06/07/technology/google-artificial-intelligence-weapons.html"
190,"https://www.nytimes.com/2018/10/20/business/ai-hype-still-has-a-ways-to-go-up.html"
191,"https://www.nytimes.com/2018/05/30/technology/google-project-maven-pentagon.html"
192,"https://www.nytimes.com/2016/10/26/us/robots-science-fiction-movies-books.html"
193,"https://www.nytimes.com/2013/11/03/nyregion/preserving-the-future-from-the-past.html"
194,"https://www.nytimes.com/1998/07/23/technology/downtime-in-the-labs-wearable-computers-are-becoming-a-reality.html"
195,"https://www.nytimes.com/2008/06/03/science/03tier.html"
196,"https://www.nytimes.com/2005/11/29/science/too-tiny-for-trouble-scientists-take-a-look.html"
197,"https://www.nytimes.com/2003/01/24/opinion/how-one-clone-leads-to-another.html"
198,"https://www.nytimes.com/1998/03/21/opinion/life-by-design-smart-machines-and-why-we-fear-them.html"
199,"https://www.nytimes.com/2019/11/19/technology/artificial-intelligence-bias.html"
200,"https://www.nytimes.com/2018/10/25/arts/artificial-intelligence-museums.html"
201,"https://www.nytimes.com/2019/05/12/climate/artificial-intelligence-climate-change.html"
202,"https://www.nytimes.com/2015/12/10/opinion/the-end-of-work.html"
203,"https://www.nytimes.com/2001/09/25/science/scientist-at-work-steve-mann-real-life-cyborg-challenges-reality-with-technology.html"
204,"https://www.nytimes.com/2003/12/22/business/it-s-a-tiny-new-world.html"
205,"https://www.nytimes.com/1992/03/15/archives/performance-art-the-art-of-crash-hum-and-hiss.html"
206,"https://www.nytimes.com/2016/08/19/arts/design/black-friday-shares-sophia-al-marias-vision-of-gulf-futurism.html"
207,"https://www.nytimes.com/2002/03/11/business/technology-tiny-technologies-slip-unseen-into-daily-life.html"
208,"https://www.nytimes.com/2013/10/15/technology/the-rapid-advance-of-artificial-intelligence.html"
209,"https://www.nytimes.com/2020/02/10/technology/white-house-earmarks-new-money-for-ai-and-quantum-computing.html"
210,"https://www.nytimes.com/2019/03/01/business/ethical-ai-recommendations.html"
211,"https://www.nytimes.com/2017/12/03/business/china-artificial-intelligence.html"
212,"https://www.nytimes.com/2019/11/06/health/crispr-cancer-leukemia.html"
213,"https://www.nytimes.com/2017/12/13/business/google-ai-china.html"
214,"https://www.nytimes.com/2012/05/23/business/global/to-czech-industry-everything-is-nano.html"
215,"https://www.nytimes.com/1996/01/05/business/down-on-the-farm-a-donor-breeding-pigs-that-can-provide-organs-for-humans.html"
216,"https://www.nytimes.com/2016/10/27/technology/daily-report-robots-can-kill-and-deliver-beer-do-we-need-humans.html"
217,"https://www.nytimes.com/2020/01/02/learning/lesson-of-the-day-the-machines-are-learning-and-so-are-the-students.html"
218,"https://www.nytimes.com/2018/12/06/business/economy/artificial-intelligence-hiring.html"
219,"https://www.nytimes.com/2003/11/10/opinion/editorial-observer-viewing-california-politics-through-lens-science-fiction.html"
220,"https://www.nytimes.com/2019/07/22/technology/open-ai-microsoft.html"
221,"https://www.nytimes.com/2019/07/31/technology/deepmind-artificial-intelligence-health-care.html"
222,"https://www.nytimes.com/2005/10/03/books/will-the-future-be-a-trillion-times-better.html"
223,"https://www.nytimes.com/2020/02/16/technology/europe-new-AI-tech-regulations.html"
224,"https://www.nytimes.com/2007/09/23/technology/23stream.html"
225,"https://www.nytimes.com/2009/07/16/business/smallbusiness/16edge.html"
226,"https://www.nytimes.com/2011/09/18/magazine/the-cyborg-in-us-all.html"
227,"https://www.nytimes.com/1999/08/01/magazine/robokitty.html"
228,"https://www.nytimes.com/1991/11/26/science/atom-by-atom-scientists-build-invisible-machines-of-the-future.html"
229,"https://www.nytimes.com/2017/01/13/t-magazine/art/trevor-paglen-kronos-quartet-ai.html"
230,"https://www.nytimes.com/2019/03/12/opinion/artificial-intelligence-wikipedia.html"
231,"https://www.nytimes.com/2004/04/12/business/concerns-that-nanotech-label-is-overused.html"
232,"https://www.nytimes.com/2018/03/07/opinion/artificial-intelligence-human.html"
233,"https://www.nytimes.com/2012/03/21/science/the-snails-of-war-and-other-robotics-experiments.html"
234,"https://www.nytimes.com/2017/12/13/technology/personaltech/busting-myths-ai.html"
235,"https://www.nytimes.com/2012/06/27/us/anthony-j-wiener-forecaster-of-the-future-is-dead-at-81.html"
236,"https://www.nytimes.com/1992/09/06/books/robots-with-sex-lives.html"
237,"https://www.nytimes.com/2017/04/28/technology/meet-the-people-who-train-the-robots-to-do-their-own-jobs.html"
238,"https://www.nytimes.com/1978/02/05/archives/the-futures-revenge.html"
239,"https://www.nytimes.com/2016/02/29/technology/start-up-lessons-from-the-once-again-hot-field-of-ai.html"
240,"https://www.nytimes.com/2002/07/16/science/they-ve-seen-the-future-and-intend-to-live-it.html"
241,"https://www.nytimes.com/1997/12/08/opinion/editorial-observer-biotechnology-and-the-future-of-agriculture.html"
242,"https://www.nytimes.com/2018/04/18/science/robots-ikea-furniture.html"
243,"https://www.nytimes.com/1995/04/09/books/smaller-than-we-can-think.html"
244,"https://www.nytimes.com/2019/03/22/technology/robot-safety-regulation.html"
245,"https://www.nytimes.com/2007/06/21/technology/21nanotech.html"
246,"https://www.nytimes.com/2018/11/05/technology/unregistered-voter-rolls.html"
247,"https://www.nytimes.com/2019/03/03/business/new-work-summit-conversation-recap.html"
248,"https://www.nytimes.com/1999/08/03/science/a-man-a-plan-and-a-robot-that-makes-eye-contact.html"
249,"https://www.nytimes.com/2011/03/16/books/physics-of-the-future-by-michio-kaku-review.html"
250,"https://www.nytimes.com/2019/01/01/technology/artificial-intelligence-export-restrictions.html"
251,"https://www.nytimes.com/paidpost/capgemini/emotion-ai-can-ai-empathize-with-you.html"
252,"https://www.nytimes.com/2016/07/19/technology/reasons-to-believe-the-ai-boom-is-real.html"
253,"https://www.nytimes.com/2001/09/25/science/scientists-debate-what-to-do-when-findings-aid-an-enemy.html"
254,"https://www.nytimes.com/2006/07/18/technology/18brain.html"
255,"https://www.nytimes.com/2010/10/30/business/30drug.html"
256,"https://www.nytimes.com/2018/10/18/business/an-ai-glossary.html"
257,"https://www.nytimes.com/2018/05/08/technology/google-io.html"
258,"https://www.nytimes.com/2000/08/31/us/scientists-report-they-have-made-robot-that-makes-its-own-robots.html"
259,"https://www.nytimes.com/2003/12/21/business/the-business-world-a-grand-plan-for-a-tiny-science.html"
260,"https://www.nytimes.com/2018/02/12/technology/china-trump-artificial-intelligence.html"
261,"https://www.nytimes.com/2016/09/29/technology/protecting-humans-and-jobs-from-robots-is-5-tech-giants-goal.html"
262,"https://www.nytimes.com/2005/10/06/technology/experts-give-scientists-road-map-on-nanotechnology-research.html"
263,"https://www.nytimes.com/2019/07/29/opinion/future-artificial-intelligence-religion.html"
264,"https://www.nytimes.com/1999/06/29/science/essay-is-incredible-shrinking-chip-nearing-end-of-the-line.html"
265,"https://www.nytimes.com/2016/03/07/us/smart-robots-make-strides-but-theres-no-need-to-flee-just-yet.html"
266,"https://www.nytimes.com/interactive/2018/01/02/technology/ai-generated-photos.html"
267,"https://www.nytimes.com/2019/04/30/science/microbots-robots-silicon-wafer.html"
268,"https://www.nytimes.com/1990/10/28/books/the-brave-new-world-of-nanotechnology.html"
269,"https://www.nytimes.com/2017/10/24/learning/teaching-activities-for-tech-giants-are-paying-huge-salaries-for-scarce-ai-talent.html"
270,"https://www.nytimes.com/1982/09/13/business/selling-artificial-intelligence.html"
271,"https://www.nytimes.com/1996/01/08/business/technology-connections-cyborgs-r-almost-us-we-may-be-turning-into-multimedia.html"
272,"https://www.nytimes.com/2018/06/29/your-money/artificial-intelligence-home-security.html"
273,"https://www.nytimes.com/2003/11/01/arts/high-tech-daydreamers-investing-in-immortality.html"
274,"https://www.nytimes.com/2019/10/17/learning/does-the-future-of-robots-get-you-excited-or-fill-you-with-dread.html"
275,"https://www.nytimes.com/2004/12/27/technology/just-how-old-can-he-go.html"
276,"https://www.nytimes.com/2003/09/29/business/technology-in-handling-innovation-patience-is-a-virtue.html"
277,"https://www.nytimes.com/1985/05/06/us/car-with-six-wheels-and-no-driver-leading-to-new-generation-of-robots.html"
278,"https://www.nytimes.com/2018/10/20/technology/how-the-blockchain-could-break-big-techs-hold-on-ai.html"
279,"https://www.nytimes.com/2017/11/30/technology/ai-will-transform-the-economy-but-how-much-and-how-soon.html"
280,"https://www.nytimes.com/2019/04/14/technology/china-surveillance-artificial-intelligence-racial-profiling.html"
281,"https://www.nytimes.com/2007/06/12/science/12frankel.html"
282,"https://www.nytimes.com/2018/08/11/opinion/there-will-never-be-an-age-of-artificial-intimacy.html"
283,"https://www.nytimes.com/2019/02/26/opinion/artificial-intelligence.html"
284,"https://www.nytimes.com/2017/05/23/business/google-deepmind-alphago-go-champion-defeat.html"
285,"https://www.nytimes.com/2016/05/19/technology/personaltech/artificial-intelligence-makes-the-phone-a-personal-assistant.html"
286,"https://www.nytimes.com/2019/10/31/opinion/superintelligent-artificial-intelligence.html"
287,"https://www.nytimes.com/2010/08/17/science/17gaze.html"
288,"https://www.nytimes.com/2017/09/01/opinion/artificial-intelligence-regulations-rules.html"
289,"https://www.nytimes.com/2017/05/27/technology/china-us-ai-artificial-intelligence.html"
290,"https://www.nytimes.com/2002/06/11/science/a-new-system-for-storing-data-think-punch-cards-but-tiny.html"
291,"https://www.nytimes.com/2017/02/09/magazine/600-miles-in-a-coffin-shaped-bus-campaigning-against-death-itself.html"
292,"https://www.nytimes.com/paidpost/berlin-partner/in-berlin-ai-start-ups-are-blazing-new-trails.html"
293,"https://www.nytimes.com/paidpost/facebook/artificial-intelligence-how-we-help-machines-learn.html"
294,"https://www.nytimes.com/paidpost/imda/singapores-governing-framework-for-artificial-intelligence.html"
295,"https://www.nytimes.com/paidpost/intel/is-ai-the-key-to-your-business-future.html"
296,"https://www.nytimes.com/paidpost/ibm/unhidden-figures-are-women-ais-natural-born-leaders.html"
297,"https://well.blogs.nytimes.com/2014/09/10/training-dogs-to-sniff-out-cancer/"
298,"https://bits.blogs.nytimes.com/2008/01/25/the-art-of-nanotech/"
299,"https://bits.blogs.nytimes.com/2015/11/06/automation-will-change-jobs-more-than-kill-them/"
300,"https://bits.blogs.nytimes.com/2007/07/09/coming-to-a-high-school-near-you/"
301,"https://learning.blogs.nytimes.com/2014/11/12/6-qs-about-the-news-weapons-directed-by-robots-not-humans-raise-ethical-questions/"
302,"https://bits.blogs.nytimes.com/2008/01/15/no-nanoparticles-were-killed-making-this-post/"
303,"https://opinionator.blogs.nytimes.com/2015/02/23/outing-a-i-beyond-the-turing-test/"
304,"https://ideas.blogs.nytimes.com/2009/01/19/me-and-my-machine/"
305,"https://bits.blogs.nytimes.com/2012/01/13/daily-report-new-storage-device-is-very-small-at-12-atoms/"
306,"https://krugman.blogs.nytimes.com/2015/06/06/the-truth-about-ai-silly/"
307,"https://bits.blogs.nytimes.com/2007/09/11/new-tools-new-techniques/"
308,"https://green.blogs.nytimes.com/2008/06/24/full-speed-ahead-for-nanotechnology/"
309,"https://opinionator.blogs.nytimes.com/2012/05/05/nanotechnology-shock-waves/"
310,"https://bits.blogs.nytimes.com/2007/08/14/nanoparticles-in-your-sunscreen-too-hot-to-handle/"
311,"https://bits.blogs.nytimes.com/2011/05/09/one-on-one-ayesha-khanna-futurist/"
312,"https://bits.blogs.nytimes.com/2015/06/04/new-research-says-robots-are-unlikely-to-eat-our-jobs/"
313,"https://dealbook.nytimes.com/2010/06/28/technology-innovators-mobile-move/"
314,"https://krugman.blogs.nytimes.com/2017/02/24/maid-in-america/"
315,"https://bits.blogs.nytimes.com/2015/07/11/the-more-real-threat-posed-by-powerful-computers/"
316,"https://bits.blogs.nytimes.com/2012/02/13/the-future-of-high-tech-health-care-and-the-challenge/"
317,"https://op-talk.blogs.nytimes.com/2014/06/19/our-robot-nightmares/"
318,"https://bits.blogs.nytimes.com/2014/08/12/daily-report-silicon-valley-hotel-puts-robotic-bellhop-to-the-test/"
319,"https://green.blogs.nytimes.com/2009/09/24/big-energy-funding-for-tiny-technology/"
320,"https://tierneylab.blogs.nytimes.com/2008/06/16/malthus-v-the-singularity/"
321,"https://bits.blogs.nytimes.com/2012/08/07/one-on-one-steve-mann-wearable-computing-pioneer/"
322,"https://bits.blogs.nytimes.com/2010/06/15/the-singularity-playing-on-thursday-nights/"
323,"https://dealbook.nytimes.com/2009/07/16/californias-glimmer-of-hope-nanotechnology/"
324,"https://dotearth.blogs.nytimes.com/2009/08/27/nano-toothpaste/"
325,"https://green.blogs.nytimes.com/2010/08/24/will-robotss-clean-up-future-oil-spills/"
326,"https://bits.blogs.nytimes.com/2007/08/31/when-nanotech-was-popping/"
327,"https://rendezvous.blogs.nytimes.com/2012/11/07/seurat-painted-dots-these-artists-use-bits/"
328,"https://bits.blogs.nytimes.com/2012/07/02/a-surgical-implant-for-seeing-colors-through-sound/"
329,"https://bits.blogs.nytimes.com/2012/10/15/the-future-as-imagined-by-google/"
330,"https://bits.blogs.nytimes.com/2011/08/08/one-on-one-brian-x-chen-author-of-always-on/"
331,"https://learning.blogs.nytimes.com/2015/04/23/do-machines-represent-a-threat-to-humans/"
332,"https://opinionator.blogs.nytimes.com/2011/02/28/watson-still-cant-think/"
333,"https://www.nytimes.com/interactive/2018/11/16/magazine/tech-design-medicine-phenome.html"
334,"https://douthat.blogs.nytimes.com/2010/06/14/a-case-against-transhumanism/"
335,"https://krugman.blogs.nytimes.com/2012/12/27/futurism-and-policy/"
336,"https://dealbook.nytimes.com/2010/06/14/merely-human-thats-so-yesterday/"
337,"https://green.blogs.nytimes.com/2010/10/27/a-nano-solution-to-vampire-energy/"
338,"https://bits.blogs.nytimes.com/2008/01/11/god-and-small-things/"
339,"https://www.nytimes.com/interactive/2019/06/07/technology/ai-text-disinformation.html"
340,"https://www.nytimes.com/paidpost/ubs/what-it-takes-to-be-human.html"
341,"https://www.nytimes.com/interactive/2019/07/03/world/asia/hong-kong-protest-crowd-ai.html"
342,"https://www.nytimes.com/interactive/2018/01/02/technology/ai-generated-photos.html"
